"2020-03-29 19:30:25.479715",0.0
"2020-03-29 19:30:55.471716",0.0
"2020-03-29 19:31:25.471903",0.0
"2020-03-29 19:32:03.349608",unavailable
"2020-03-29 19:32:03.596470",0.0
"2020-03-29 19:32:05.087803",0.0
"2020-03-29 19:32:25.473115",0.0
"2020-03-29 19:32:55.477976",0.0
"2020-03-29 19:33:25.479837",0.0
"2020-03-29 19:33:55.479783",0.0
"2020-03-29 19:34:25.772021",0.0
"2020-03-29 19:34:55.479269",0.0
"2020-03-29 19:35:25.480571",0.0
"2020-03-29 19:35:55.479067",0.0
"2020-03-29 19:36:25.477971",0.0
"2020-03-29 19:36:55.479038",0.0
"2020-03-29 19:37:25.476815",0.0
"2020-03-29 19:37:55.477557",0.0
"2020-03-29 19:38:25.478349",0.0
"2020-03-29 19:38:55.478092",0.0
"2020-03-29 19:39:25.772672",0.0
"2020-03-29 19:39:55.478213",0.0
"2020-03-29 19:40:25.477669",0.0
"2020-03-29 19:40:55.470666",0.0
"2020-03-29 19:41:25.470605",0.0
"2020-03-29 19:41:55.471646",0.0
"2020-03-29 19:42:25.473117",0.0
"2020-03-29 19:42:55.476451",0.0
"2020-03-29 19:43:25.475988",0.0
"2020-03-29 19:43:52.866379",unavailable
"2020-03-29 19:43:53.355186",0.0
"2020-03-29 19:43:54.794266",0.0
"2020-03-29 19:43:55.471650",0.0
"2020-03-29 19:43:57.477017",2.92
"2020-03-29 19:44:25.769245",2.96
"2020-03-29 19:44:55.477736",2.99
"2020-03-29 19:45:25.474465",3.02
"2020-03-29 19:45:51.474744",13.37
"2020-03-29 19:45:52.476568",11.27
"2020-03-29 19:45:53.478731",7.98
"2020-03-29 19:45:54.478336",12.42
"2020-03-29 19:45:55.478100",12.68
"2020-03-29 19:45:57.477891",6.22
"2020-03-29 19:45:58.476166",3.64
"2020-03-29 19:46:03.478828",10.96
"2020-03-29 19:46:04.478596",23.63
"2020-03-29 19:46:05.474786",7.72
"2020-03-29 19:46:06.477121",12.35
"2020-03-29 19:46:13.477821",81.98
"2020-03-29 19:46:14.477510",53.01
"2020-03-29 19:46:21.476026",60.42
"2020-03-29 19:46:22.476202",17.63
"2020-03-29 19:46:23.476623",12.54
"2020-03-29 19:46:25.478357",12.42
"2020-03-29 19:46:30.478297",87.42
"2020-03-29 19:46:31.475893",70.54
"2020-03-29 19:46:39.478736",12.74
"2020-03-29 19:46:47.478393",97.34
"2020-03-29 19:46:48.478520",83.18
"2020-03-29 19:46:55.478664",82.33
"2020-03-29 19:46:56.478134",14.4
"2020-03-29 19:46:57.479672",7.78
"2020-03-29 19:47:02.478471",16.44
"2020-03-29 19:47:04.477503",100.7
"2020-03-29 19:47:13.477462",17.26
"2020-03-29 19:47:21.478537",104.54
"2020-03-29 19:47:25.478418",98.4
"2020-03-29 19:47:28.477582",93.42
"2020-03-29 19:47:30.476966",16.78
"2020-03-29 19:47:38.475587",115.2
"2020-03-29 19:47:47.469975",16.67
"2020-03-29 19:47:49.469378",7.61
"2020-03-29 19:47:53.470225",10.77
"2020-03-29 19:47:54.469235",121.92
"2020-03-29 19:47:55.468930",121.92
"2020-03-29 19:47:57.469226",109.3
"2020-03-29 19:48:03.468686",121.68
"2020-03-29 19:48:04.468683",16.44
"2020-03-29 19:48:11.469740",124.68
"2020-03-29 19:48:21.468939",9.93
"2020-03-29 19:48:22.468920",7.9
"2020-03-29 19:48:25.469406",7.78
"2020-03-29 19:48:26.469233",10.44
"2020-03-29 19:48:27.473114",20.98
"2020-03-29 19:48:28.469118",143.44
"2020-03-29 19:48:30.468712",124.8
"2020-03-29 19:48:38.469035",16.67
"2020-03-29 19:48:45.468810",131.16
"2020-03-29 19:48:55.468503",16.67
"2020-03-29 19:49:02.469819",148.51
"2020-03-29 19:49:11.469784",128.33
"2020-03-29 19:49:12.469331",16.67
"2020-03-29 19:49:18.468861",21.16
"2020-03-29 19:49:19.493451",161.76
"2020-03-29 19:49:25.772072",153.17
"2020-03-29 19:49:28.477605",138.73
"2020-03-29 19:49:29.491412",16.9
"2020-03-29 19:49:29.610295",16.9
"2020-03-29 19:49:35.474743",20.11
"2020-03-29 19:49:36.474637",170.01
"2020-03-29 19:49:42.476608",149.54
"2020-03-29 19:49:45.476342",17.51
"2020-03-29 19:49:46.477848",12.68
"2020-03-29 19:49:52.476248",15.6
"2020-03-29 19:49:53.478998",175.05
"2020-03-29 19:49:55.474281",166.75
"2020-03-29 19:50:02.477241",13.01
"2020-03-29 19:50:03.470259",7.42
"2020-03-29 19:50:10.474112",171.25
"2020-03-29 19:50:19.476061",10.44
"2020-03-29 19:50:20.474366",7.51
"2020-03-29 19:50:25.476339",7.88
"2020-03-29 19:50:27.476437",172.79
"2020-03-29 19:50:36.476080",21.16
"2020-03-29 19:50:37.476065",7.72
"2020-03-29 19:50:44.475794",166.42
"2020-03-29 19:50:45.475759",185.91
"2020-03-29 19:50:48.473938",164.18
"2020-03-29 19:50:53.475149",10.31
"2020-03-29 19:50:54.476020",7.78
"2020-03-29 19:50:55.475736",7.93
"2020-03-29 19:51:00.474461",19.78
"2020-03-29 19:51:01.476229",10.86
"2020-03-29 19:51:02.475545",156.31
"2020-03-29 19:51:03.476137",180.36
"2020-03-29 19:51:11.476716",24.34
"2020-03-29 19:51:12.475843",8.11
"2020-03-29 19:51:19.493121",187.2
"2020-03-29 19:51:21.474670",167.09
"2020-03-29 19:51:25.473751",161.76
"2020-03-29 19:51:28.475240",137.1
"2020-03-29 19:51:29.474342",8.28
"2020-03-29 19:51:36.475683",177.3
"2020-03-29 19:51:38.477210",154.98
"2020-03-29 19:51:45.476573",8.19
"2020-03-29 19:51:53.476225",181.43
"2020-03-29 19:51:55.476905",168.17
"2020-03-29 19:51:57.477072",161.6
"2020-03-29 19:52:02.472704",8.11
"2020-03-29 19:52:09.477119",184.22
"2020-03-29 19:52:12.475768",162.89
"2020-03-29 19:52:19.490159",8.01
"2020-03-29 19:52:25.474196",11.16
"2020-03-29 19:52:26.474184",179.91
"2020-03-29 19:52:31.472131",156.77
"2020-03-29 19:52:32.475651",172.98
"2020-03-29 19:52:34.475556",154.83
"2020-03-29 19:52:36.474712",8.42
"2020-03-29 19:52:43.475391",173.67
"2020-03-29 19:52:53.475445",9.69
"2020-03-29 19:52:55.477431",8.28
"2020-03-29 19:52:59.476126",21.35
"2020-03-29 19:53:00.475923",187.2
"2020-03-29 19:53:01.477135",163.86
"2020-03-29 19:53:10.474743",8.28
"2020-03-29 19:53:17.476696",176.6
"2020-03-29 19:53:25.476449",162.73
"2020-03-29 19:53:26.475521",154.51
"2020-03-29 19:53:27.470327",8.09
"2020-03-29 19:53:34.476397",174.35
"2020-03-29 19:53:44.476362",8.11
"2020-03-29 19:53:50.476387",11.76
"2020-03-29 19:53:51.475452",190.36
"2020-03-29 19:53:52.473236",160.46
"2020-03-29 19:53:55.476443",165.16
"2020-03-29 19:54:00.476547",23.4
"2020-03-29 19:54:01.475466",7.75
"2020-03-29 19:54:03.479774",177.13
"2020-03-29 19:54:13.476563",9.47
"2020-03-29 19:54:20.476214",177.66
"2020-03-29 19:54:24.476145",152.4
"2020-03-29 19:54:25.767612",169.18
"2020-03-29 19:54:30.475853",8.03
"2020-03-29 19:54:36.473813",15.4
"2020-03-29 19:54:37.474274",177.3
"2020-03-29 19:54:46.475202",23.4
"2020-03-29 19:54:47.474905",7.58
"2020-03-29 19:54:54.474331",159.66
"2020-03-29 19:54:55.476116",185.54
"2020-03-29 19:54:56.475401",164.99
"2020-03-29 19:55:04.476538",7.95
"2020-03-29 19:55:11.475327",163.86
"2020-03-29 19:55:12.476378",189.8
"2020-03-29 19:55:13.476287",169.51
"2020-03-29 19:55:20.471369",144.23
"2020-03-29 19:55:21.475891",8.17
"2020-03-29 19:55:25.472220",7.85
"2020-03-29 19:55:28.474315",167.09
"2020-03-29 19:55:38.470000",8.11
"2020-03-29 19:55:45.475639",173.32
"2020-03-29 19:55:54.474414",10.86
"2020-03-29 19:55:55.474867",7.93
"2020-03-29 19:56:02.477572",164.67
"2020-03-29 19:56:11.473695",11.99
"2020-03-29 19:56:12.475166",7.78
"2020-03-29 19:56:19.492784",162.4
"2020-03-29 19:56:20.475095",187.03
"2020-03-29 19:56:23.474902",156.77
"2020-03-29 19:56:25.475352",167.26
"2020-03-29 19:56:28.473641",22.74
"2020-03-29 19:56:29.472707",8.03
"2020-03-29 19:56:35.476216",12.11
"2020-03-29 19:56:36.472030",182.95
"2020-03-29 19:56:40.476092",163.69
"2020-03-29 19:56:45.475553",7.95
"2020-03-29 19:56:52.474333",10.86
"2020-03-29 19:56:53.474369",181.98
"2020-03-29 19:56:55.474078",157.72
"2020-03-29 19:57:02.475744",8.06
"2020-03-29 19:57:10.476175",178.66
"2020-03-29 19:57:19.490433",8.11
"2020-03-29 19:57:25.466427",12.17
"2020-03-29 19:57:27.466429",183.67
"2020-03-29 19:57:29.466288",163.69
"2020-03-29 19:57:36.466746",7.78
"2020-03-29 19:57:42.467079",14.4
"2020-03-29 19:57:43.466518",179.73
"2020-03-29 19:57:46.466081",159.03
"2020-03-29 19:57:53.466223",7.63
"2020-03-29 19:57:55.466030",7.78
"2020-03-29 19:58:00.466137",168.67
"2020-03-29 19:58:10.466086",7.75
"2020-03-29 19:58:17.466601",146.02
"2020-03-29 19:58:18.467211",179.19
"2020-03-29 19:58:20.465975",159.51
"2020-03-29 19:58:25.466254",164.01
"2020-03-29 19:58:27.466340",7.8
"2020-03-29 19:58:34.467011",174.18
"2020-03-29 19:58:44.466293",7.88
"2020-03-29 19:58:51.466705",174.7
"2020-03-29 19:58:55.465964",157.87
"2020-03-29 19:59:01.466066",7.78
"2020-03-29 19:59:08.465801",164.34
"2020-03-29 19:59:09.466183",189.98
"2020-03-29 19:59:10.465786",170.18
"2020-03-29 19:59:17.466906",16.44
"2020-03-29 19:59:18.466094",7.75
"2020-03-29 19:59:24.466831",22.96
"2020-03-29 19:59:25.764389",183.31
"2020-03-29 19:59:27.466767",162.24
"2020-03-29 19:59:34.473642",22.74
"2020-03-29 19:59:35.472789",8.14
"2020-03-29 19:59:41.470515",14.57
"2020-03-29 19:59:42.476347",182.35
"2020-03-29 19:59:45.474028",159.51
"2020-03-29 19:59:51.475756",19.01
"2020-03-29 19:59:52.475497",7.93
"2020-03-29 19:59:55.472019",7.78
"2020-03-29 19:59:58.475291",17.26
"2020-03-29 19:59:59.472332",179.38
"2020-03-29 20:00:04.475010",158.72
"2020-03-29 20:00:08.474327",141.36
"2020-03-29 20:00:09.475058",8.22
"2020-03-29 20:00:15.475250",11.21
"2020-03-29 20:00:16.474169",182.52
"2020-03-29 20:00:21.474975",160.33
"2020-03-29 20:00:25.475723",158.87
"2020-03-29 20:00:26.475032",7.68
"2020-03-29 20:00:32.473951",21.92
"2020-03-29 20:00:33.474979",186.84
"2020-03-29 20:00:35.473113",148.31
"2020-03-29 20:00:36.473209",169.51
"2020-03-29 20:00:42.474239",13.52
"2020-03-29 20:00:43.475846",7.44
"2020-03-29 20:00:50.475621",176.08
"2020-03-29 20:00:53.474723",154.51
"2020-03-29 20:00:55.476982",161.12
"2020-03-29 20:00:59.471497",7.88
"2020-03-29 20:01:07.471866",112.6
"2020-03-29 20:01:08.473962",74.18
"2020-03-29 20:01:09.474513",209.21
"2020-03-29 20:01:16.473259",92.42
"2020-03-29 20:01:17.472797",59.18
"2020-03-29 20:01:24.471303",106.44
"2020-03-29 20:01:25.472118",210.68
"2020-03-29 20:01:26.473573",182.35
"2020-03-29 20:01:33.474344",102.37
"2020-03-29 20:01:34.473088",37.44
"2020-03-29 20:01:42.473015",183.49
"2020-03-29 20:01:43.473075",157.4
"2020-03-29 20:01:53.475137",139.76
"2020-03-29 20:01:55.474851",107.26
"2020-03-29 20:01:56.475235",81.84
"2020-03-29 20:02:02.474839",72.94
"2020-03-29 20:02:25.472707",72.0
"2020-03-29 20:02:30.473887",60.24
"2020-03-29 20:02:31.470513",68.52
"2020-03-29 20:02:32.472943",80.72
"2020-03-29 20:02:40.469916",68.45
"2020-03-29 20:02:41.472122",78.28
"2020-03-29 20:02:47.474402",86.23
"2020-03-29 20:02:51.466379",74.47
"2020-03-29 20:02:55.475543",135.47
"2020-03-29 20:02:56.474939",184.77
"2020-03-29 20:02:57.474675",248.94
"2020-03-29 20:02:58.474602",293.31
"2020-03-29 20:02:59.473533",153.32
"2020-03-29 20:03:01.474732",131.74
"2020-03-29 20:03:21.473199",257.2
"2020-03-29 20:03:22.473781",338.28
"2020-03-29 20:03:23.474574",405.26
"2020-03-29 20:03:24.470488",471.26
"2020-03-29 20:03:25.470156",226.11
"2020-03-29 20:03:26.471099",196.15
"2020-03-29 20:03:27.469594",37.99
"2020-03-29 20:03:45.474344",42.49
"2020-03-29 20:03:47.472430",49.76
"2020-03-29 20:03:48.553994",57.26
"2020-03-29 20:03:52.470870",43.42
"2020-03-29 20:03:53.474407",38.29
"2020-03-29 20:03:55.473448",38.51
"2020-03-29 20:04:00.474564",67.47
"2020-03-29 20:04:01.474477",123.99
"2020-03-29 20:04:02.471058",108.43
"2020-03-29 20:04:12.474208",95.72
"2020-03-29 20:04:15.469558",76.95
"2020-03-29 20:04:25.762775",71.51
"2020-03-29 20:04:45.464455",67.53
"2020-03-29 20:04:51.464035",58.56
"2020-03-29 20:04:53.465229",71.23
"2020-03-29 20:04:54.464505",79.12
"2020-03-29 20:04:55.464190",81.6
"2020-03-29 20:04:57.510661",63.3
"2020-03-29 20:05:01.527707",71.86
"2020-03-29 20:05:10.464116",108.22
"2020-03-29 20:05:11.591205",160.46
"2020-03-29 20:05:12.464638",217.52
"2020-03-29 20:05:13.464920",264.75
"2020-03-29 20:05:14.544652",128.73
"2020-03-29 20:05:15.464541",104.23
"2020-03-29 20:05:25.464453",99.58
"2020-03-29 20:05:37.464315",183.13
"2020-03-29 20:05:38.509658",249.19
"2020-03-29 20:05:39.465756",314.83
"2020-03-29 20:05:40.464433",365.3
"2020-03-29 20:05:41.463983",188.51
"2020-03-29 20:05:42.465622",148.81
"2020-03-29 20:05:55.464304",134.4
"2020-03-29 20:05:56.464409",133.85
"2020-03-29 20:06:09.469539",65.27
"2020-03-29 20:06:10.471990",38.51
"2020-03-29 20:06:18.471812",57.54
"2020-03-29 20:06:19.489132",96.19
"2020-03-29 20:06:20.472610",159.98
"2020-03-29 20:06:21.472974",222.35
"2020-03-29 20:06:22.474090",281.76
"2020-03-29 20:06:23.474192",344.21
"2020-03-29 20:06:24.469858",230.52
"2020-03-29 20:06:25.471500",230.52
"2020-03-29 20:06:26.471304",144.0
"2020-03-29 20:06:28.474419",235.84
"2020-03-29 20:06:29.472031",459.52
"2020-03-29 20:06:31.472453",379.36
"2020-03-29 20:06:32.472364",87.35
"2020-03-29 20:06:33.470432",113.59
"2020-03-29 20:06:37.471864",101.1
"2020-03-29 20:06:55.471936",95.72
"2020-03-29 20:06:57.471586",142.17
"2020-03-29 20:07:01.468605",156.62
"2020-03-29 20:07:05.471749",173.67
"2020-03-29 20:07:09.471554",194.11
"2020-03-29 20:07:13.467040",214.66
"2020-03-29 20:07:17.471656",238.03
"2020-03-29 20:07:22.469382",265.85
"2020-03-29 20:07:25.470616",216.61
"2020-03-29 20:07:35.472022",191.88
"2020-03-29 20:07:39.472627",265.01
"2020-03-29 20:07:40.472840",358.78
"2020-03-29 20:07:41.473574",410.87
"2020-03-29 20:07:46.471712",453.77
"2020-03-29 20:07:47.472729",313.89
"2020-03-29 20:07:48.470518",232.01
"2020-03-29 20:07:49.471786",256.17
"2020-03-29 20:07:55.472358",259.11
"2020-03-29 20:07:59.469545",12.94
"2020-03-29 20:08:25.470154",13.15
"2020-03-29 20:08:35.472567",50.3
"2020-03-29 20:08:55.468123",54.34
"2020-03-29 20:08:58.469935",56.11
"2020-03-29 20:09:10.471618",62.34
"2020-03-29 20:09:20.469258",68.99
"2020-03-29 20:09:25.764963",72.5
"2020-03-29 20:09:29.489630",76.05
"2020-03-29 20:09:39.470534",84.5
"2020-03-29 20:09:49.472100",93.14
"2020-03-29 20:09:54.473841",16.56
"2020-03-29 20:09:55.468420",12.17
"2020-03-29 20:09:58.468439",93.51
"2020-03-29 20:09:59.469869",124.56
"2020-03-29 20:10:06.470387",16.01
"2020-03-29 20:10:07.471120",12.68
"2020-03-29 20:10:13.472106",20.8
"2020-03-29 20:10:14.469101",148.66
"2020-03-29 20:10:23.470011",18.16
"2020-03-29 20:10:24.471164",12.48
"2020-03-29 20:10:25.469701",12.48
"2020-03-29 20:10:30.472049",20.11
"2020-03-29 20:10:31.470277",155.44
"2020-03-29 20:10:40.470645",137.14
"2020-03-29 20:10:41.471055",12.81
"2020-03-29 20:10:46.471641",9.93
"2020-03-29 20:10:48.472417",156.47
"2020-03-29 20:10:55.470893",167.83
"2020-03-29 20:10:56.470510",172.62
"2020-03-29 20:10:57.471759",13.23
"2020-03-29 20:11:00.471797",7.78
"2020-03-29 20:11:02.472142",164.83
"2020-03-29 20:11:03.472355",203.41
"2020-03-29 20:11:04.471974",178.48
"2020-03-29 20:11:11.476182",10.1
"2020-03-29 20:11:12.472141",7.42
"2020-03-29 20:11:19.486127",182.35
"2020-03-29 20:11:22.471087",160.46
"2020-03-29 20:11:23.470341",179.02
"2020-03-29 20:11:25.469088",175.05
"2020-03-29 20:11:26.471882",160.3
"2020-03-29 20:11:28.471388",8.51
"2020-03-29 20:11:35.469966",22.12
"2020-03-29 20:11:36.470507",181.26
"2020-03-29 20:11:45.471871",24.34
"2020-03-29 20:11:46.472427",7.65
"2020-03-29 20:11:53.472435",175.38
"2020-03-29 20:11:55.472335",160.8
"2020-03-29 20:12:01.472206",13.37
"2020-03-29 20:12:02.471223",147.86
"2020-03-29 20:12:03.471108",178.13
"2020-03-29 20:12:12.472106",12.05
"2020-03-29 20:12:13.470755",7.42
"2020-03-29 20:12:19.488734",164.5
"2020-03-29 20:12:20.469820",182.4
"2020-03-29 20:12:25.470170",171.59
"2020-03-29 20:12:29.466681",7.93
"2020-03-29 20:12:35.470210",14.75
"2020-03-29 20:12:36.470465",172.45
"2020-03-29 20:12:46.470473",7.88
"2020-03-29 20:12:53.470265",158.87
"2020-03-29 20:12:54.470528",192.26
"2020-03-29 20:12:55.469502",180.36
"2020-03-29 20:13:01.470392",171.59
"2020-03-29 20:13:03.470135",7.9
"2020-03-29 20:13:10.470294",151.96
"2020-03-29 20:13:11.470685",188.51
"2020-03-29 20:13:20.469357",7.88
"2020-03-29 20:13:25.470684",7.9
"2020-03-29 20:13:26.470429",15.6
"2020-03-29 20:13:27.470496",174.0
"2020-03-29 20:13:36.470350",150.61
"2020-03-29 20:13:37.469577",8.06
"2020-03-29 20:13:43.470177",14.15
"2020-03-29 20:13:44.465979",164.34
"2020-03-29 20:13:45.470151",185.73
"2020-03-29 20:13:53.469524",141.32
"2020-03-29 20:13:54.468080",7.78
"2020-03-29 20:13:55.469222",7.51
"2020-03-29 20:14:00.469137",12.11
"2020-03-29 20:14:01.470116",162.89
"2020-03-29 20:14:02.470142",193.73
"2020-03-29 20:14:04.469812",173.32
"2020-03-29 20:14:10.469552",153.75
"2020-03-29 20:14:11.470071",7.8
"2020-03-29 20:14:17.469861",18.16
"2020-03-29 20:14:18.466325",171.94
"2020-03-29 20:14:19.462799",198.97
"2020-03-29 20:14:21.467863",174.88
"2020-03-29 20:14:25.763098",175.72
"2020-03-29 20:14:27.461898",19.62
"2020-03-29 20:14:28.866113",7.65
"2020-03-29 20:14:35.480397",160.62
"2020-03-29 20:14:36.479563",192.76
"2020-03-29 20:14:43.480810",171.59
"2020-03-29 20:14:44.479771",10.06
"2020-03-29 20:14:45.479439",7.63
"2020-03-29 20:14:52.479549",162.89
"2020-03-29 20:14:53.479370",194.5
"2020-03-29 20:14:55.479733",176.24
"2020-03-29 20:14:59.480504",174.18
"2020-03-29 20:15:01.478975",9.81
"2020-03-29 20:15:02.479629",7.72
"2020-03-29 20:15:09.479959",168.51
"2020-03-29 20:15:10.480190",188.14
"2020-03-29 20:15:13.479449",210.26
"2020-03-29 20:15:14.478811",79.43
"2020-03-29 20:15:15.479530",263.43
"2020-03-29 20:15:16.480128",219.72
"2020-03-29 20:15:22.479591",153.88
"2020-03-29 20:15:23.478987",60.3
"2020-03-29 20:15:25.479152",60.3
"2020-03-29 20:15:31.479288",196.34
"2020-03-29 20:15:36.479665",169.68
"2020-03-29 20:15:40.478994",41.64
"2020-03-29 20:15:41.480284",37.19
"2020-03-29 20:15:46.480333",121.56
"2020-03-29 20:15:47.480304",196.34
"2020-03-29 20:15:48.480955",168.84
"2020-03-29 20:15:55.482338",156.77
"2020-03-29 20:15:56.480526",127.58
"2020-03-29 20:15:57.481862",146.55
"2020-03-29 20:15:58.480645",104.47
"2020-03-29 20:16:02.480217",92.2
"2020-03-29 20:16:03.479446",81.28
"2020-03-29 20:16:10.484137",72.5
"2020-03-29 20:16:25.484620",72.29
"2020-03-29 20:16:37.480890",62.65
"2020-03-29 20:16:38.480215",73.01
"2020-03-29 20:16:39.480283",83.43
"2020-03-29 20:16:42.480412",92.48
"2020-03-29 20:16:44.487975",69.4
"2020-03-29 20:16:46.480050",76.42
"2020-03-29 20:16:52.480709",84.92
"2020-03-29 20:16:55.488245",92.38
"2020-03-29 20:16:56.485565",140.31
"2020-03-29 20:16:57.488776",154.37
"2020-03-29 20:16:59.485594",182.35
"2020-03-29 20:17:02.486248",113.47
"2020-03-29 20:17:17.485734",125.29
"2020-03-29 20:17:25.484339",135.2
"2020-03-29 20:17:26.485976",164.01
"2020-03-29 20:17:27.486397",201.99
"2020-03-29 20:17:29.482255",224.32
"2020-03-29 20:17:31.482619",251.59
"2020-03-29 20:17:32.487015",136.38
"2020-03-29 20:17:33.483748",38.29
"2020-03-29 20:17:55.485012",38.74
"2020-03-29 20:18:08.485971",80.31
"2020-03-29 20:18:09.485863",135.2
"2020-03-29 20:18:19.486791",99.68
"2020-03-29 20:18:22.486372",82.86
"2020-03-29 20:18:24.486416",74.18
"2020-03-29 20:18:25.486548",73.03
"2020-03-29 20:18:55.486125",69.81
"2020-03-29 20:18:58.483924",58.78
"2020-03-29 20:18:59.484012",69.74
"2020-03-29 20:19:00.485504",79.75
"2020-03-29 20:19:03.486360",70.81
"2020-03-29 20:19:08.482895",61.97
"2020-03-29 20:19:11.480645",75.44
"2020-03-29 20:19:19.503144",90.75
"2020-03-29 20:19:20.487505",132.79
"2020-03-29 20:19:22.486557",161.93
"2020-03-29 20:19:24.487188",195.75
"2020-03-29 20:19:25.779307",164.67
"2020-03-29 20:19:26.486192",117.95
"2020-03-29 20:19:46.487032",106.02
"2020-03-29 20:19:50.487317",139.61
"2020-03-29 20:19:51.486352",171.59
"2020-03-29 20:19:54.486239",190.74
"2020-03-29 20:19:55.486184",198.56
"2020-03-29 20:19:57.486502",213.1
"2020-03-29 20:20:01.486826",239.5
"2020-03-29 20:20:05.486414",267.43
"2020-03-29 20:20:07.486351",295.73
"2020-03-29 20:20:13.486186",328.55
"2020-03-29 20:20:17.487089",364.69
"2020-03-29 20:20:21.487368",405.26
"2020-03-29 20:20:25.485624",418.5
"2020-03-29 20:20:26.487139",289.71
"2020-03-29 20:20:55.485918",270.67
"2020-03-29 20:21:25.479595",266.64
"2020-03-29 20:21:47.478126",225.04
"2020-03-29 20:21:48.559801",9.89
"2020-03-29 20:21:55.478286",9.69
"2020-03-29 20:22:00.478381",12.88
"2020-03-29 20:22:25.477351",47.12
"2020-03-29 20:22:28.478302",41.0
"2020-03-29 20:22:36.477936",45.2
"2020-03-29 20:22:46.477873",9.73
"2020-03-29 20:22:49.479957",15.8
"2020-03-29 20:22:51.485872",41.6
"2020-03-29 20:22:52.484694",74.33
"2020-03-29 20:22:55.483455",79.59
"2020-03-29 20:22:56.483103",16.67
"2020-03-29 20:22:57.486056",12.11
"2020-03-29 20:23:04.485662",104.98
"2020-03-29 20:23:05.483610",83.92
"2020-03-29 20:23:13.483492",21.35
"2020-03-29 20:23:14.483501",7.75
"2020-03-29 20:23:20.478743",11.99
"2020-03-29 20:23:21.482832",101.2
"2020-03-29 20:23:22.484110",89.6
"2020-03-29 20:23:25.485250",93.05
"2020-03-29 20:23:30.484877",99.43
"2020-03-29 20:23:31.484771",12.29
"2020-03-29 20:23:38.482756",114.38
"2020-03-29 20:23:48.484120",12.05
"2020-03-29 20:23:54.483993",18.16
"2020-03-29 20:23:55.484165",128.6
"2020-03-29 20:24:04.481581",19.31
"2020-03-29 20:24:05.482603",12.11
"2020-03-29 20:24:12.484492",128.21
"2020-03-29 20:24:22.484842",12.48
"2020-03-29 20:24:25.780073",12.05
"2020-03-29 20:24:28.485122",18.03
"2020-03-29 20:24:29.505959",145.72
"2020-03-29 20:24:38.480935",129.58
"2020-03-29 20:24:39.483211",12.42
"2020-03-29 20:24:46.485357",159.51
"2020-03-29 20:24:55.484450",13.01
"2020-03-29 20:25:02.484415",19.78
"2020-03-29 20:25:03.483967",170.36
"2020-03-29 20:25:12.483796",17.14
"2020-03-29 20:25:13.479543",12.05
"2020-03-29 20:25:20.484898",168.67
"2020-03-29 20:25:25.485350",167.42
"2020-03-29 20:25:29.482855",149.04
"2020-03-29 20:25:30.485294",7.78
"2020-03-29 20:25:37.481989",165.33
"2020-03-29 20:25:38.482290",186.28
"2020-03-29 20:25:46.484360",12.42
"2020-03-29 20:25:47.483974",7.35
"2020-03-29 20:25:54.484628",174.35
"2020-03-29 20:25:55.482933",172.11
"2020-03-29 20:26:03.483428",8.17
"2020-03-29 20:26:10.483737",24.09
"2020-03-29 20:26:11.484080",174.88
"2020-03-29 20:26:20.483747",7.68
"2020-03-29 20:26:25.482965",7.61
"2020-03-29 20:26:27.483903",162.89
"2020-03-29 20:26:30.483774",189.98
"2020-03-29 20:26:35.483303",169.85
"2020-03-29 20:26:37.483448",12.42
"2020-03-29 20:26:38.482651",7.42
"2020-03-29 20:26:44.484041",169.68
"2020-03-29 20:26:54.483907",7.29
"2020-03-29 20:26:55.484532",7.26
"2020-03-29 20:27:01.484319",178.66
"2020-03-29 20:27:11.483246",7.26
"2020-03-29 20:27:18.483910",182.35
"2020-03-29 20:27:25.484359",167.59
"2020-03-29 20:27:28.483808",7.14
"2020-03-29 20:27:35.484478",159.51
"2020-03-29 20:27:36.482016",179.73
"2020-03-29 20:27:45.483974",7.07
"2020-03-29 20:27:51.481291",14.75
"2020-03-29 20:27:52.484203",176.6
"2020-03-29 20:27:55.484010",183.31
"2020-03-29 20:28:01.482503",153.17
"2020-03-29 20:28:02.482572",8.42
"2020-03-29 20:28:09.483728",167.59
"2020-03-29 20:28:18.482274",19.95
"2020-03-29 20:28:19.500386",7.09
"2020-03-29 20:28:21.483675",45.15
"2020-03-29 20:28:22.482870",130.9
"2020-03-29 20:28:23.484025",238.26
"2020-03-29 20:28:25.483785",212.89
"2020-03-29 20:28:30.481943",104.12
"2020-03-29 20:28:31.482793",54.82
"2020-03-29 20:28:39.482499",84.33
"2020-03-29 20:28:40.483718",216.86
"2020-03-29 20:28:41.481063",171.08
"2020-03-29 20:28:47.484175",118.42
"2020-03-29 20:28:48.482793",37.37
"2020-03-29 20:28:54.483999",94.07
"2020-03-29 20:28:55.483651",210.99
"2020-03-29 20:28:56.482264",165.16
"2020-03-29 20:29:01.540684",185.54
"2020-03-29 20:29:03.496057",166.93
"2020-03-29 20:29:04.483139",148.45
"2020-03-29 20:29:07.482068",105.5
"2020-03-29 20:29:08.483262",90.31
"2020-03-29 20:29:12.484091",77.82
"2020-03-29 20:29:25.778044",73.75
"2020-03-29 20:29:40.482302",62.9
"2020-03-29 20:29:41.482562",72.5
"2020-03-29 20:29:43.477426",82.74
"2020-03-29 20:29:49.481955",74.25
"2020-03-29 20:29:52.483287",83.75
"2020-03-29 20:29:53.483721",71.79
"2020-03-29 20:29:55.482977",85.47
"2020-03-29 20:30:01.478297",70.81
"2020-03-29 20:30:03.483134",81.52
"2020-03-29 20:30:04.482895",128.99
"2020-03-29 20:30:05.483734",153.02
"2020-03-29 20:30:07.483920",172.79
"2020-03-29 20:30:08.482636",194.5
"2020-03-29 20:30:09.482845",221.9
"2020-03-29 20:30:11.482730",149.84
"2020-03-29 20:30:25.482832",146.26
"2020-03-29 20:30:31.483100",177.66
"2020-03-29 20:30:34.482624",196.34
"2020-03-29 20:30:38.482267",223.45
"2020-03-29 20:30:42.482752",248.94
"2020-03-29 20:30:44.478635",79.26
"2020-03-29 20:30:45.482568",38.82
"2020-03-29 20:30:55.483396",41.21
"2020-03-29 20:31:06.483263",42.74
"2020-03-29 20:31:09.483163",48.57
"2020-03-29 20:31:10.482045",54.29
"2020-03-29 20:31:13.483236",44.29
"2020-03-29 20:31:14.482895",37.33
"2020-03-29 20:31:20.482324",45.96
"2020-03-29 20:31:21.482551",132.66
"2020-03-29 20:31:22.483075",115.31
"2020-03-29 20:31:25.483513",118.78
"2020-03-29 20:31:33.483133",93.42
"2020-03-29 20:31:35.481012",79.59
"2020-03-29 20:31:36.481897",71.23
"2020-03-29 20:31:55.475587",68.92
"2020-03-29 20:32:11.475522",58.78
"2020-03-29 20:32:12.475167",65.32
"2020-03-29 20:32:13.475331",76.27
"2020-03-29 20:32:21.475206",65.32
"2020-03-29 20:32:23.475163",73.53
"2020-03-29 20:32:25.475261",77.41
"2020-03-29 20:32:32.474934",94.16
"2020-03-29 20:32:33.475279",134.4
"2020-03-29 20:32:35.475264",162.73
"2020-03-29 20:32:37.475541",196.54
"2020-03-29 20:32:38.475239",155.7
"2020-03-29 20:32:39.475229",116.23
"2020-03-29 20:32:55.475419",109.51
"2020-03-29 20:32:59.475503",140.17
"2020-03-29 20:33:05.477741",155.44
"2020-03-29 20:33:13.477308",173.67
"2020-03-29 20:33:20.477467",152.1
"2020-03-29 20:33:25.477824",148.81
"2020-03-29 20:33:35.477210",218.81
"2020-03-29 20:33:36.476491",247.01
"2020-03-29 20:33:39.475932",357.04
"2020-03-29 20:33:41.475201",460.56
"2020-03-29 20:33:50.476496",163.05
"2020-03-29 20:33:51.475607",47.12
"2020-03-29 20:33:53.475070",41.33
"2020-03-29 20:33:54.480766",8.51
"2020-03-29 20:33:55.475274",15.02
"2020-03-29 20:33:56.474883",89.35
"2020-03-29 20:33:57.476053",71.16
"2020-03-29 20:34:03.480321",20.8
"2020-03-29 20:34:04.481763",8.33
"2020-03-29 20:34:13.481855",83.84
"2020-03-29 20:34:15.481548",75.14
"2020-03-29 20:34:20.482326",8.11
"2020-03-29 20:34:25.775068",8.11
"2020-03-29 20:34:30.482492",86.74
"2020-03-29 20:34:31.481144",72.5
"2020-03-29 20:34:37.482415",15.21
"2020-03-29 20:34:38.482457",7.65
"2020-03-29 20:34:46.480155",19.78
"2020-03-29 20:34:47.482309",89.51
"2020-03-29 20:34:48.482267",72.72
"2020-03-29 20:34:54.482483",7.85
"2020-03-29 20:34:55.481335",7.8
"2020-03-29 20:35:02.481774",11.43
"2020-03-29 20:35:04.480354",87.34
"2020-03-29 20:35:05.481855",75.07
"2020-03-29 20:35:11.482236",7.53
"2020-03-29 20:35:20.481556",85.56
"2020-03-29 20:35:21.481680",74.55
"2020-03-29 20:35:25.481794",89.33
"2020-03-29 20:35:26.481655",67.99
"2020-03-29 20:35:27.482273",42.04
"2020-03-29 20:35:33.481263",133.45
"2020-03-29 20:35:34.481460",104.12
"2020-03-29 20:35:43.480204",86.14
"2020-03-29 20:35:52.480848",70.54
"2020-03-29 20:35:55.479027",68.85
"2020-03-29 20:36:21.482739",61.49
"2020-03-29 20:36:22.481477",72.43
"2020-03-29 20:36:23.480893",81.93
"2020-03-29 20:36:25.480842",75.83
"2020-03-29 20:36:27.482086",70.74
"2020-03-29 20:36:31.480230",77.82
"2020-03-29 20:36:32.481397",68.92
"2020-03-29 20:36:35.480416",78.5
"2020-03-29 20:36:40.480347",70.5
"2020-03-29 20:36:42.481666",8.6
"2020-03-29 20:36:51.482468",90.13
"2020-03-29 20:36:52.481954",74.4
"2020-03-29 20:36:54.482153",8.6
"2020-03-29 20:36:55.481816",7.88
"2020-03-29 20:36:58.481541",95.25
"2020-03-29 20:37:00.478688",70.15
"2020-03-29 20:37:02.480702",9.25
"2020-03-29 20:37:06.482073",94.63
"2020-03-29 20:37:07.482358",74.92
"2020-03-29 20:37:10.480790",8.36
"2020-03-29 20:37:14.481723",94.44
"2020-03-29 20:37:15.481492",73.6
"2020-03-29 20:37:18.480234",44.55
"2020-03-29 20:37:22.482192",124.44
"2020-03-29 20:37:23.481861",107.79
"2020-03-29 20:37:25.479777",104.98
"2020-03-29 20:37:34.480027",89.6
"2020-03-29 20:37:38.480323",78.89
"2020-03-29 20:37:53.475467",70.57
"2020-03-29 20:37:55.473664",72.07
"2020-03-29 20:38:09.473670",60.42
"2020-03-29 20:38:10.473788",68.85
"2020-03-29 20:38:11.474386",80.23
"2020-03-29 20:38:15.473793",71.23
"2020-03-29 20:38:21.473697",79.83
"2020-03-29 20:38:25.474326",72.21
"2020-03-29 20:38:27.473770",71.65
"2020-03-29 20:38:33.473773",13.91
"2020-03-29 20:38:34.473981",8.63
"2020-03-29 20:38:43.473879",99.43
"2020-03-29 20:38:44.474093",71.02
"2020-03-29 20:38:46.473714",16.78
"2020-03-29 20:38:47.473603",8.36
"2020-03-29 20:38:51.473718",94.6
"2020-03-29 20:38:52.473641",70.29
"2020-03-29 20:38:54.473644",15.5
"2020-03-29 20:38:55.473626",8.14
"2020-03-29 20:38:59.473376",94.69
"2020-03-29 20:39:00.473523",72.79
"2020-03-29 20:39:02.473915",8.19
"2020-03-29 20:39:07.473531",99.48
"2020-03-29 20:39:08.473712",71.3
"2020-03-29 20:39:10.473725",79.99
"2020-03-29 20:39:11.473562",46.27
"2020-03-29 20:39:12.473571",40.72
"2020-03-29 20:39:14.474400",126.42
"2020-03-29 20:39:15.473385",105.4
"2020-03-29 20:39:25.772126",94.82
"2020-03-29 20:39:28.474440",84.0
"2020-03-29 20:39:44.474437",74.62
"2020-03-29 20:39:55.480380",71.16
"2020-03-29 20:40:04.480070",62.09
"2020-03-29 20:40:06.480707",78.12
"2020-03-29 20:40:12.479319",64.99
"2020-03-29 20:40:14.480345",76.27
"2020-03-29 20:40:22.480596",99.68
"2020-03-29 20:40:23.480432",133.19
"2020-03-29 20:40:25.479987",155.75
"2020-03-29 20:40:27.480385",185.54
"2020-03-29 20:40:28.480112",136.27
"2020-03-29 20:40:29.478692",109.54
"2020-03-29 20:40:50.481425",196.73
"2020-03-29 20:40:51.481588",233.96
"2020-03-29 20:40:53.480201",266.9
"2020-03-29 20:40:55.481418",301.79
"2020-03-29 20:40:56.479516",337.62
"2020-03-29 20:40:59.477904",375.73
"2020-03-29 20:41:02.480679",180.09
"2020-03-29 20:41:03.478659",198.56
"2020-03-29 20:41:23.479677",283.34
"2020-03-29 20:41:25.481038",311.52
"2020-03-29 20:41:26.480132",334.52
"2020-03-29 20:41:34.479979",371.6
"2020-03-29 20:41:39.478739",409.28
"2020-03-29 20:41:43.478855",284.73
"2020-03-29 20:41:55.480207",300.59
"2020-03-29 20:42:18.479535",316.05
"2020-03-29 20:42:25.481355",320.93
"2020-03-29 20:42:55.480340",325.48
"2020-03-29 20:43:25.479635",323.7
"2020-03-29 20:43:55.480617",322.71
"2020-03-29 20:44:24.479863",365.68
"2020-03-29 20:44:25.773538",386.22
"2020-03-29 20:44:32.480648",405.26
"2020-03-29 20:44:41.479711",447.85
"2020-03-29 20:44:52.479970",498.48
"2020-03-29 20:44:53.480453",445.39
"2020-03-29 20:44:55.479342",430.34
"2020-03-29 20:45:13.473702",9.22
"2020-03-29 20:45:14.479155",408.87
"2020-03-29 20:45:25.478868",421.4
"2020-03-29 20:45:33.479992",8.01
"2020-03-29 20:45:39.479549",70.95
"2020-03-29 20:45:40.479774",53.01
"2020-03-29 20:45:44.478338",58.9
"2020-03-29 20:45:46.479144",20.11
"2020-03-29 20:45:47.479474",7.7
"2020-03-29 20:45:55.479388",20.8
"2020-03-29 20:45:56.477579",74.88
"2020-03-29 20:45:57.475662",51.28
"2020-03-29 20:45:59.477637",56.6
"2020-03-29 20:46:03.479343",12.48
"2020-03-29 20:46:04.478159",7.49
"2020-03-29 20:46:13.480091",72.0
"2020-03-29 20:46:14.478715",57.94
"2020-03-29 20:46:20.479691",15.31
"2020-03-29 20:46:21.479221",7.75
"2020-03-29 20:46:25.472983",7.75
"2020-03-29 20:46:30.478678",73.75
"2020-03-29 20:46:31.479326",54.5
"2020-03-29 20:46:37.478856",10.96
"2020-03-29 20:46:38.479132",7.49
"2020-03-29 20:46:47.479100",72.4
"2020-03-29 20:46:48.478891",58.29
"2020-03-29 20:46:54.479292",7.51
"2020-03-29 20:46:55.477947",7.51
"2020-03-29 20:47:03.477769",71.37
"2020-03-29 20:47:04.478771",53.49
"2020-03-29 20:47:11.477705",7.51
"2020-03-29 20:47:20.477722",73.96
"2020-03-29 20:47:21.478724",59.18
"2020-03-29 20:47:25.478659",56.11
"2020-03-29 20:47:28.479342",7.53
"2020-03-29 20:47:37.479264",71.09
"2020-03-29 20:47:38.478813",16.22
"2020-03-29 20:47:39.478649",9.43
"2020-03-29 20:47:47.476657",15.11
"2020-03-29 20:47:50.478907",1.29
"2020-03-29 20:47:55.479059",1.29
"2020-03-29 20:48:03.475756",0.0
"2020-03-29 20:48:25.478538",0.0
"2020-03-29 20:48:55.471405",0.0
"2020-03-29 20:49:25.769453",0.0
"2020-03-29 20:49:55.471638",0.0
"2020-03-29 20:50:25.472551",0.0
"2020-03-29 20:50:55.470670",0.0
"2020-03-29 20:51:25.477527",0.0
"2020-03-29 20:51:55.476442",0.0
"2020-03-29 20:52:25.477091",0.0
"2020-03-29 20:52:55.477437",0.0
"2020-03-29 20:53:25.477159",0.0
"2020-03-29 20:53:55.476128",0.0
"2020-03-29 20:54:25.771100",0.0
"2020-03-29 20:54:55.469982",0.0
"2020-03-29 20:55:25.469195",0.0
"2020-03-29 20:55:55.468947",0.0
"2020-03-29 20:56:25.476601",0.0
"2020-03-29 20:56:55.476070",0.0
"2020-03-29 20:57:25.475968",0.0
"2020-03-29 20:57:55.474365",0.0
"2020-03-29 20:58:25.474798",0.0
"2020-03-29 20:58:55.474956",0.0
"2020-03-29 20:59:24.475227",2.94
"2020-03-29 20:59:25.768974",2.98
"2020-03-29 20:59:26.477060",21.16
"2020-03-29 20:59:27.476811",12.23
"2020-03-29 20:59:29.502146",7.9
"2020-03-29 20:59:30.475743",12.42
"2020-03-29 20:59:34.475985",3.5
"2020-03-29 20:59:39.476420",10.72
"2020-03-29 20:59:41.476159",7.65
"2020-03-29 20:59:42.477332",15.4
"2020-03-29 20:59:49.474977",77.67
"2020-03-29 20:59:50.475896",56.76
"2020-03-29 20:59:55.475059",61.55
"2020-03-29 20:59:58.474750",18.86
"2020-03-29 21:00:00.476567",16.56
"2020-03-29 21:00:06.473232",88.54
"2020-03-29 21:00:07.475888",70.74
"2020-03-29 21:00:13.475687",80.15
"2020-03-29 21:00:15.474730",23.4
"2020-03-29 21:00:16.474239",16.9
"2020-03-29 21:00:23.476131",98.11
"2020-03-29 21:00:24.474166",88.11
"2020-03-29 21:00:25.474689",90.31
"2020-03-29 21:00:32.476195",12.23
"2020-03-29 21:00:33.475825",7.68
"2020-03-29 21:00:38.475416",12.68
"2020-03-29 21:00:40.506225",101.0
"2020-03-29 21:00:41.498610",89.06
"2020-03-29 21:00:48.474810",98.11
"2020-03-29 21:00:49.474771",12.81
"2020-03-29 21:00:55.475928",12.35
"2020-03-29 21:00:57.475975",114.04
"2020-03-29 21:01:00.476903",99.18
"2020-03-29 21:01:06.475675",12.48
"2020-03-29 21:01:13.476148",16.67
"2020-03-29 21:01:14.476463",124.07
"2020-03-29 21:01:16.476160",105.5
"2020-03-29 21:01:21.475868",116.46
"2020-03-29 21:01:23.474940",12.42
"2020-03-29 21:01:24.475537",9.08
"2020-03-29 21:01:25.476655",7.61
"2020-03-29 21:01:31.476058",122.77
"2020-03-29 21:01:40.474505",12.61
"2020-03-29 21:01:48.476199",140.31
"2020-03-29 21:01:50.475440",124.12
"2020-03-29 21:01:54.476064",137.34
"2020-03-29 21:01:55.474109",137.21
"2020-03-29 21:01:57.474948",8.03
"2020-03-29 21:02:02.476111",11.64
"2020-03-29 21:02:04.472580",145.29
"2020-03-29 21:02:14.471094",12.54
"2020-03-29 21:02:21.475390",144.72
"2020-03-29 21:02:25.475002",150.29
"2020-03-29 21:02:31.474969",16.56
"2020-03-29 21:02:38.471626",158.19
"2020-03-29 21:02:48.475333",16.78
"2020-03-29 21:02:55.477059",179.02
"2020-03-29 21:02:57.474912",158.41
"2020-03-29 21:03:03.476231",176.24
"2020-03-29 21:03:05.476327",12.61
"2020-03-29 21:03:11.473851",19.62
"2020-03-29 21:03:12.474783",176.6
"2020-03-29 21:03:22.477077",12.61
"2020-03-29 21:03:25.475912",16.56
"2020-03-29 21:03:29.473955",183.49
"2020-03-29 21:03:39.476024",17.38
"2020-03-29 21:03:46.476751",181.61
"2020-03-29 21:03:48.475340",204.02
"2020-03-29 21:03:55.476432",20.45
"2020-03-29 21:03:56.476716",16.9
"2020-03-29 21:04:03.475122",215.51
"2020-03-29 21:04:04.475279",189.44
"2020-03-29 21:04:11.475932",213.74
"2020-03-29 21:04:12.476011",20.8
"2020-03-29 21:04:13.474954",7.51
"2020-03-29 21:04:20.476829",204.43
"2020-03-29 21:04:25.768410",204.42
"2020-03-29 21:04:29.500698",18.58
"2020-03-29 21:04:30.476416",8.01
"2020-03-29 21:04:36.475097",12.11
"2020-03-29 21:04:37.475561",196.73
"2020-03-29 21:04:46.471499",9.54
"2020-03-29 21:04:54.476546",200.59
"2020-03-29 21:04:55.476573",204.02
"2020-03-29 21:05:03.473806",21.73
"2020-03-29 21:05:04.473830",8.14
"2020-03-29 21:05:07.473728",12.23
"2020-03-29 21:05:08.473196",174.0
"2020-03-29 21:05:09.475806",228.08
"2020-03-29 21:05:10.475704",198.56
"2020-03-29 21:05:17.476532",18.72
"2020-03-29 21:05:18.475704",8.03
"2020-03-29 21:05:24.476355",12.05
"2020-03-29 21:05:25.476813",196.34
"2020-03-29 21:05:34.475673",175.95
"2020-03-29 21:05:35.475365",8.45
"2020-03-29 21:05:42.476458",187.39
"2020-03-29 21:05:43.476423",213.53
"2020-03-29 21:05:51.475402",20.62
"2020-03-29 21:05:52.537322",8.28
"2020-03-29 21:05:55.475334",8.25
"2020-03-29 21:05:59.468921",192.26
"2020-03-29 21:06:00.469077",216.38
"2020-03-29 21:06:01.468293",190.17
"2020-03-29 21:06:08.468631",9.11
"2020-03-29 21:06:16.468539",181.8
"2020-03-29 21:06:17.468642",221.24
"2020-03-29 21:06:18.468241",193.34
"2020-03-29 21:06:25.468654",16.44
"2020-03-29 21:06:26.468466",7.98
"2020-03-29 21:06:32.468541",10.44
"2020-03-29 21:06:33.468977",205.02
"2020-03-29 21:06:42.468620",12.23
"2020-03-29 21:06:43.468290",8.09
"2020-03-29 21:06:49.468767",13.67
"2020-03-29 21:06:50.468227",191.68
"2020-03-29 21:06:51.468463",212.04
"2020-03-29 21:06:55.468133",200.59
"2020-03-29 21:06:56.468547",187.57
"2020-03-29 21:06:59.468429",10.35
"2020-03-29 21:07:00.468097",8.06
"2020-03-29 21:07:06.468453",14.93
"2020-03-29 21:07:07.468598",193.91
"2020-03-29 21:07:16.468169",8.75
"2020-03-29 21:07:23.468577",171.94
"2020-03-29 21:07:24.468231",219.03
"2020-03-29 21:07:25.468493",196.54
"2020-03-29 21:07:33.468581",11.99
"2020-03-29 21:07:34.467795",8.09
"2020-03-29 21:07:40.468145",186.84
"2020-03-29 21:07:41.468517",212.04
"2020-03-29 21:07:43.468421",176.24
"2020-03-29 21:07:46.467840",195.38
"2020-03-29 21:07:50.468395",11.37
"2020-03-29 21:07:51.468100",7.65
"2020-03-29 21:07:55.467941",7.95
"2020-03-29 21:07:57.496392",184.77
"2020-03-29 21:08:00.468061",206.04
"2020-03-29 21:08:07.468067",7.61
"2020-03-29 21:08:08.468063",15.02
"2020-03-29 21:08:10.468142",180.72
"2020-03-29 21:08:11.467984",204.23
"2020-03-29 21:08:19.491341",8.09
"2020-03-29 21:08:25.475415",13.44
"2020-03-29 21:08:27.476650",189.44
"2020-03-29 21:08:28.475091",211.52
"2020-03-29 21:08:36.476781",8.45
"2020-03-29 21:08:43.474681",189.83
"2020-03-29 21:08:44.476046",219.03
"2020-03-29 21:08:49.503555",190.54
"2020-03-29 21:08:53.476224",7.9
"2020-03-29 21:08:55.475344",8.09
"2020-03-29 21:08:59.473323",20.62
"2020-03-29 21:09:00.474971",188.88
"2020-03-29 21:09:01.474296",212.26
"2020-03-29 21:09:10.476476",8.66
"2020-03-29 21:09:17.475478",189.83
"2020-03-29 21:09:18.473000",208.87
"2020-03-29 21:09:25.828835",209.3
"2020-03-29 21:09:25.941598",209.3
"2020-03-29 21:09:27.557670",7.9
"2020-03-29 21:09:33.475573",23.63
"2020-03-29 21:09:34.475954",198.18
"2020-03-29 21:09:44.476193",7.93
"2020-03-29 21:09:50.476052",13.3
"2020-03-29 21:09:51.476028",191.3
"2020-03-29 21:09:52.476048",216.17
"2020-03-29 21:09:53.475433",189.44
"2020-03-29 21:09:55.474556",197.39
"2020-03-29 21:09:59.475196",211.84
"2020-03-29 21:10:00.475583",183.99
"2020-03-29 21:10:01.476001",8.01
"2020-03-29 21:10:08.476391",187.03
"2020-03-29 21:10:09.475377",215.3
"2020-03-29 21:10:12.472108",193.14
"2020-03-29 21:10:17.474951",173.16
"2020-03-29 21:10:18.476404",8.09
"2020-03-29 21:10:25.475152",193.73
"2020-03-29 21:10:34.475080",21.73
"2020-03-29 21:10:35.476216",7.9
"2020-03-29 21:10:41.475121",14.15
"2020-03-29 21:10:42.475303",193.14
"2020-03-29 21:10:43.476245",216.38
"2020-03-29 21:10:51.474939",10.4
"2020-03-29 21:10:52.475455",7.72
"2020-03-29 21:10:55.473302",7.58
"2020-03-29 21:10:59.473500",186.1
"2020-03-29 21:11:00.474936",217.95
"2020-03-29 21:11:08.475004",19.47
"2020-03-29 21:11:09.475070",7.75
"2020-03-29 21:11:16.475669",176.77
"2020-03-29 21:11:17.468490",213.1
"2020-03-29 21:11:25.467875",16.22
"2020-03-29 21:11:26.468576",7.68
"2020-03-29 21:11:33.468319",176.42
"2020-03-29 21:11:34.468837",224.54
"2020-03-29 21:11:35.468762",184.59
"2020-03-29 21:11:36.468331",207.84
"2020-03-29 21:11:42.468453",14.31
"2020-03-29 21:11:43.468124",7.65
"2020-03-29 21:11:50.468614",180.72
"2020-03-29 21:11:51.467994",206.66
"2020-03-29 21:11:55.468235",195.17
"2020-03-29 21:11:59.468949",17.02
"2020-03-29 21:12:00.469097",7.8
"2020-03-29 21:12:07.469347",178.48
"2020-03-29 21:12:08.469223",218.81
"2020-03-29 21:12:16.469200",13.75
"2020-03-29 21:12:17.468987",7.78
"2020-03-29 21:12:24.469118",169.85
"2020-03-29 21:12:25.469176",223.68
"2020-03-29 21:12:27.469077",201.19
"2020-03-29 21:12:33.469066",17.89
"2020-03-29 21:12:34.469201",7.8
"2020-03-29 21:12:40.468874",171.94
"2020-03-29 21:12:41.469344",211.73
"2020-03-29 21:12:50.469241",7.8
"2020-03-29 21:12:55.469057",7.75
"2020-03-29 21:12:56.468515",14.84
"2020-03-29 21:12:57.469091",193.14
"2020-03-29 21:12:58.468975",214.45
"2020-03-29 21:13:07.468910",7.95
"2020-03-29 21:13:13.468607",11.27
"2020-03-29 21:13:14.468937",191.5
"2020-03-29 21:13:15.469513",223.23
"2020-03-29 21:13:16.468633",196.54
"2020-03-29 21:13:24.469160",7.85
"2020-03-29 21:13:25.469348",8.11
"2020-03-29 21:13:30.474905",15.5
"2020-03-29 21:13:31.474562",192.26
"2020-03-29 21:13:32.474421",215.1
"2020-03-29 21:13:34.474959",186.47
"2020-03-29 21:13:38.468964",209.3
"2020-03-29 21:13:41.469131",9.08
"2020-03-29 21:13:48.468986",189.27
"2020-03-29 21:13:49.468738",214.66
"2020-03-29 21:13:53.468890",189.83
"2020-03-29 21:13:55.470993",209.09
"2020-03-29 21:13:58.472107",7.37
"2020-03-29 21:14:05.472973",192.76
"2020-03-29 21:14:15.476057",7.47
"2020-03-29 21:14:22.474764",186.47
"2020-03-29 21:14:23.475502",208.05
"2020-03-29 21:14:25.771463",203.21
"2020-03-29 21:14:32.476039",7.68
"2020-03-29 21:14:38.475368",11.27
"2020-03-29 21:14:39.477759",208.25
"2020-03-29 21:14:40.477273",229.13
"2020-03-29 21:14:41.476525",199.61
"2020-03-29 21:14:48.476220",23.18
"2020-03-29 21:14:49.475685",7.56
"2020-03-29 21:14:55.477239",7.93
"2020-03-29 21:14:56.477276",192.07
"2020-03-29 21:14:58.477326",212.89
"2020-03-29 21:15:05.476761",11.81
"2020-03-29 21:15:06.476246",7.95
"2020-03-29 21:15:12.475058",16.44
"2020-03-29 21:15:13.477222",177.96
"2020-03-29 21:15:22.473621",15.8
"2020-03-29 21:15:23.476318",12.88
"2020-03-29 21:15:25.476216",12.61
"2020-03-29 21:15:29.473068",16.12
"2020-03-29 21:15:30.474989",175.23
"2020-03-29 21:15:31.473267",212.67
"2020-03-29 21:15:39.476591",18.44
"2020-03-29 21:15:40.476812",12.68
"2020-03-29 21:15:46.477150",14.75
"2020-03-29 21:15:47.476555",176.42
"2020-03-29 21:15:48.476989",217.95
"2020-03-29 21:15:55.476712",208.05
"2020-03-29 21:15:56.476409",194.02
"2020-03-29 21:15:57.475608",47.35
"2020-03-29 21:15:58.475445",150.43
"2020-03-29 21:15:59.473334",239.27
"2020-03-29 21:16:06.475575",104.0
"2020-03-29 21:16:07.476221",46.85
"2020-03-29 21:16:08.473662",54.71
"2020-03-29 21:16:15.476037",108.75
"2020-03-29 21:16:16.476945",263.69
"2020-03-29 21:16:19.492793",233.17
"2020-03-29 21:16:23.476883",148.66
"2020-03-29 21:16:24.476519",55.58
"2020-03-29 21:16:25.475530",55.75
"2020-03-29 21:16:31.476202",64.8
"2020-03-29 21:16:32.476553",213.1
"2020-03-29 21:16:38.475861",188.88
"2020-03-29 21:16:40.475936",159.82
"2020-03-29 21:16:41.475706",39.48
"2020-03-29 21:16:47.476320",45.87
"2020-03-29 21:16:48.477029",170.36
"2020-03-29 21:16:49.476864",203.21
"2020-03-29 21:16:55.475655",200.99
"2020-03-29 21:16:58.476530",150.91
"2020-03-29 21:17:00.475679",105.29
"2020-03-29 21:17:01.475413",93.14
"2020-03-29 21:17:02.474866",112.03
"2020-03-29 21:17:03.476062",79.75
"2020-03-29 21:17:25.475456",75.9
"2020-03-29 21:17:30.476469",70.57
"2020-03-29 21:17:38.476530",58.29
"2020-03-29 21:17:39.475100",66.29
"2020-03-29 21:17:40.475684",75.9
"2020-03-29 21:17:43.470028",86.32
"2020-03-29 21:17:44.475297",77.56
"2020-03-29 21:17:45.476439",67.0
"2020-03-29 21:17:48.475468",76.27
"2020-03-29 21:17:55.475194",70.5
"2020-03-29 21:18:00.476212",96.67
"2020-03-29 21:18:01.475663",155.6
"2020-03-29 21:18:02.471691",210.26
"2020-03-29 21:18:03.474649",271.76
"2020-03-29 21:18:05.472555",142.73
"2020-03-29 21:18:18.475102",123.75
"2020-03-29 21:18:25.475291",127.33
"2020-03-29 21:18:26.475053",148.45
"2020-03-29 21:18:27.473475",266.64
"2020-03-29 21:18:28.475343",329.35
"2020-03-29 21:18:29.473748",391.44
"2020-03-29 21:18:30.475897",445.39
"2020-03-29 21:18:31.473789",192.96
"2020-03-29 21:18:32.474895",214.17
"2020-03-29 21:18:39.473975",236.62
"2020-03-29 21:18:42.475703",140.67
"2020-03-29 21:18:43.474344",41.29
"2020-03-29 21:18:44.475987",36.66
"2020-03-29 21:18:55.475073",40.92
"2020-03-29 21:19:16.475662",45.02
"2020-03-29 21:19:18.475858",112.69
"2020-03-29 21:19:21.476009",124.93
"2020-03-29 21:19:25.768305",137.21
"2020-03-29 21:19:26.473189",138.79
"2020-03-29 21:19:28.474783",124.19
"2020-03-29 21:19:29.500185",96.28
"2020-03-29 21:19:32.476124",86.23
"2020-03-29 21:19:35.474571",72.72
"2020-03-29 21:19:55.474517",69.88
"2020-03-29 21:20:08.475789",58.72
"2020-03-29 21:20:09.475793",67.0
"2020-03-29 21:20:10.476297",77.41
"2020-03-29 21:20:16.475742",64.86
"2020-03-29 21:20:18.475779",74.92
"2020-03-29 21:20:25.475711",70.57
"2020-03-29 21:20:30.474339",116.12
"2020-03-29 21:20:31.473381",164.5
"2020-03-29 21:20:32.474120",221.24
"2020-03-29 21:20:33.473714",269.59
"2020-03-29 21:20:34.475208",143.3
"2020-03-29 21:20:35.473278",116.0
"2020-03-29 21:20:55.474700",107.79
"2020-03-29 21:20:56.475607",170.36
"2020-03-29 21:20:57.475826",251.59
"2020-03-29 21:20:58.475803",313.0
"2020-03-29 21:20:59.474087",370.86
"2020-03-29 21:21:00.476288",240.71
"2020-03-29 21:21:01.474836",165.61
"2020-03-29 21:21:25.475495",165.16
"2020-03-29 21:21:28.474265",101.4
"2020-03-29 21:21:29.472785",38.82
"2020-03-29 21:21:36.475339",64.93
"2020-03-29 21:21:37.475659",110.19
"2020-03-29 21:21:38.472009",121.32
"2020-03-29 21:21:40.474217",167.26
"2020-03-29 21:21:41.475115",244.09
"2020-03-29 21:21:42.475023",305.42
"2020-03-29 21:21:43.474983",363.98
"2020-03-29 21:21:44.475344",221.68
"2020-03-29 21:21:45.474751",156.47
"2020-03-29 21:21:48.470014",450.25
"2020-03-29 21:21:51.471147",88.37
"2020-03-29 21:21:52.475393",120.24
"2020-03-29 21:21:55.471152",107.79
"2020-03-29 21:22:13.476195",148.15
"2020-03-29 21:22:15.475126",163.69
"2020-03-29 21:22:20.475597",183.67
"2020-03-29 21:22:24.474348",205.02
"2020-03-29 21:22:25.475576",210.26
"2020-03-29 21:22:28.476086",226.95
"2020-03-29 21:22:32.476456",250.16
"2020-03-29 21:22:35.475465",276.33
"2020-03-29 21:22:41.475578",238.26
"2020-03-29 21:22:42.473061",209.09
"2020-03-29 21:22:55.475273",256.95
"2020-03-29 21:22:56.473437",401.58
"2020-03-29 21:23:00.475515",444.09
"2020-03-29 21:23:04.471757",264.2
"2020-03-29 21:23:05.474131",296.02
"2020-03-29 21:23:17.476515",13.15
"2020-03-29 21:23:25.467442",13.75
"2020-03-29 21:23:48.467783",50.35
"2020-03-29 21:23:55.467996",49.62
"2020-03-29 21:24:04.469065",55.75
"2020-03-29 21:24:16.468289",62.09
"2020-03-29 21:24:25.767139",68.01
"2020-03-29 21:24:27.469146",69.6
"2020-03-29 21:24:37.469609",76.95
"2020-03-29 21:24:46.471407",85.18
"2020-03-29 21:24:55.469224",91.65
"2020-03-29 21:24:57.469339",20.45
"2020-03-29 21:24:58.470744",8.22
"2020-03-29 21:24:59.470204",12.81
"2020-03-29 21:25:01.470239",72.79
"2020-03-29 21:25:02.470175",128.08
"2020-03-29 21:25:09.469343",20.11
"2020-03-29 21:25:10.469684",12.23
"2020-03-29 21:25:17.469963",130.63
"2020-03-29 21:25:18.468953",153.61
"2020-03-29 21:25:25.468691",151.35
"2020-03-29 21:25:27.469784",12.61
"2020-03-29 21:25:34.468615",150.73
"2020-03-29 21:25:35.468469",172.79
"2020-03-29 21:25:43.468005",15.9
"2020-03-29 21:25:44.468225",12.42
"2020-03-29 21:25:51.476567",171.76
"2020-03-29 21:25:55.475977",171.94
"2020-03-29 21:26:00.475790",16.01
"2020-03-29 21:26:01.473801",12.68
"2020-03-29 21:26:08.473355",171.42
"2020-03-29 21:26:09.474783",203.41
"2020-03-29 21:26:17.475557",19.16
"2020-03-29 21:26:18.475236",12.68
"2020-03-29 21:26:25.475864",188.51
"2020-03-29 21:26:32.471276",215.1
"2020-03-29 21:26:34.469208",15.4
"2020-03-29 21:26:35.472765",10.14
"2020-03-29 21:26:39.475947",12.74
"2020-03-29 21:26:42.475525",174.7
"2020-03-29 21:26:43.473759",228.08
"2020-03-29 21:26:44.474453",201.79
"2020-03-29 21:26:49.474565",15.02
"2020-03-29 21:26:51.475171",192.07
"2020-03-29 21:26:52.475659",239.74
"2020-03-29 21:26:55.476152",210.68
"2020-03-29 21:26:57.474152",232.7
"2020-03-29 21:27:00.475656",8.09
"2020-03-29 21:27:08.475502",217.52
"2020-03-29 21:27:17.474517",7.98
"2020-03-29 21:27:23.475527",15.8
"2020-03-29 21:27:24.475375",230.06
"2020-03-29 21:27:25.474611",224.54
"2020-03-29 21:27:34.474907",13.15
"2020-03-29 21:27:35.474933",7.61
"2020-03-29 21:27:41.475099",201.99
"2020-03-29 21:27:42.882913",243.36
"2020-03-29 21:27:45.457739",213.1
"2020-03-29 21:27:50.458350",15.8
"2020-03-29 21:27:51.456352",192.26
"2020-03-29 21:27:52.457804",230.06
"2020-03-29 21:27:55.457903",220.15
"2020-03-29 21:28:00.456907",183.23
"2020-03-29 21:28:01.458367",7.68
"2020-03-29 21:28:07.458555",20.62
"2020-03-29 21:28:08.458283",198.77
"2020-03-29 21:28:09.456018",222.57
"2020-03-29 21:28:17.453271",184.76
"2020-03-29 21:28:18.455420",7.78
"2020-03-29 21:28:25.455413",172.45
"2020-03-29 21:28:26.450374",217.73
"2020-03-29 21:28:35.450819",7.58
"2020-03-29 21:28:42.452108",186.1
"2020-03-29 21:28:43.451076",227.4
"2020-03-29 21:28:51.451673",14.4
"2020-03-29 21:28:52.452373",7.7
"2020-03-29 21:28:55.451727",7.61
"2020-03-29 21:28:59.452195",184.04
"2020-03-29 21:29:00.450373",224.09
"2020-03-29 21:29:08.449919",22.74
"2020-03-29 21:29:09.450003",7.93
"2020-03-29 21:29:15.450307",18.58
"2020-03-29 21:29:16.450684",203.21
"2020-03-29 21:29:18.450680",230.74
"2020-03-29 21:29:25.747926",10.67
"2020-03-29 21:29:26.450352",7.78
"2020-03-29 21:29:33.450005",184.97
"2020-03-29 21:29:34.449830",219.03
"2020-03-29 21:29:42.449723",10.44
"2020-03-29 21:29:43.450274",7.7
"2020-03-29 21:29:50.451230",184.22
"2020-03-29 21:29:51.449486",221.68
"2020-03-29 21:29:55.450238",217.95
"2020-03-29 21:29:59.449848",15.11
"2020-03-29 21:30:00.449605",7.72
"2020-03-29 21:30:07.450058",174.0
"2020-03-29 21:30:08.449821",229.13
"2020-03-29 21:30:16.449716",15.11
"2020-03-29 21:30:17.449362",7.22
"2020-03-29 21:30:23.449638",10.27
"2020-03-29 21:30:24.449810",195.96
"2020-03-29 21:30:25.450615",215.3
"2020-03-29 21:30:26.449759",228.31
"2020-03-29 21:30:33.449986",10.4
"2020-03-29 21:30:34.450253",7.22
"2020-03-29 21:30:39.450328",23.4
"2020-03-29 21:30:41.455999",196.34
"2020-03-29 21:30:42.451613",225.67
"2020-03-29 21:30:50.457632",9.89
"2020-03-29 21:30:51.456485",7.14
"2020-03-29 21:30:55.455675",7.16
"2020-03-29 21:30:57.457562",162.09
"2020-03-29 21:30:58.457528",238.26
"2020-03-29 21:31:02.456886",83.26
"2020-03-29 21:31:03.456209",241.67
"2020-03-29 21:31:05.458128",266.11
"2020-03-29 21:31:11.457231",228.76
"2020-03-29 21:31:12.458042",56.38
"2020-03-29 21:31:20.457638",237.31
"2020-03-29 21:31:25.457264",237.56
"2020-03-29 21:31:28.457195",64.8
"2020-03-29 21:31:29.454194",56.38
"2020-03-29 21:31:32.456872",44.16
"2020-03-29 21:31:34.455113",39.74
"2020-03-29 21:31:37.456991",187.39
"2020-03-29 21:31:38.456028",206.87
"2020-03-29 21:31:40.454688",42.57
"2020-03-29 21:31:46.458053",74.84
"2020-03-29 21:31:47.457433",252.84
"2020-03-29 21:31:48.457211",221.46
"2020-03-29 21:31:55.454859",201.59
"2020-03-29 21:31:56.457195",187.39
"2020-03-29 21:31:57.457176",160.15
"2020-03-29 21:31:59.455706",143.3
"2020-03-29 21:32:01.457081",121.8
"2020-03-29 21:32:02.456505",100.6
"2020-03-29 21:32:04.456466",116.7
"2020-03-29 21:32:05.456024",97.05
"2020-03-29 21:32:08.455389",86.32
"2020-03-29 21:32:25.456924",80.65
"2020-03-29 21:32:30.455128",77.11
"2020-03-29 21:32:37.455455",65.38
"2020-03-29 21:32:38.454958",74.25
"2020-03-29 21:32:39.457701",88.11
"2020-03-29 21:32:40.457477",98.5
"2020-03-29 21:32:44.457661",69.88
"2020-03-29 21:32:55.456850",73.67
"2020-03-29 21:32:56.456840",119.13
"2020-03-29 21:32:57.456779",153.02
"2020-03-29 21:32:59.454623",179.19
"2020-03-29 21:33:01.457859",211.73
"2020-03-29 21:33:02.454630",134.14
"2020-03-29 21:33:03.454991",114.27
"2020-03-29 21:33:11.454923",127.08
"2020-03-29 21:33:17.457575",142.45
"2020-03-29 21:33:21.457598",157.87
"2020-03-29 21:33:23.455891",113.47
"2020-03-29 21:33:24.456908",57.09
"2020-03-29 21:33:25.457559",55.81
"2020-03-29 21:33:27.456380",48.09
"2020-03-29 21:33:36.456700",39.78
"2020-03-29 21:33:55.456664",38.74
"2020-03-29 21:33:58.457432",48.09
"2020-03-29 21:33:59.455139",166.52
"2020-03-29 21:34:00.453840",145.44
"2020-03-29 21:34:09.456706",126.7
"2020-03-29 21:34:10.456121",112.14
"2020-03-29 21:34:11.455892",88.37
"2020-03-29 21:34:14.456738",77.72
"2020-03-29 21:34:21.457399",68.92
"2020-03-29 21:34:25.749055",69.4
"2020-03-29 21:34:50.456443",77.88
"2020-03-29 21:34:55.456041",71.51
"2020-03-29 21:34:59.454150",67.4
"2020-03-29 21:35:01.456175",75.37
"2020-03-29 21:35:10.455154",85.89
"2020-03-29 21:35:11.456450",131.28
"2020-03-29 21:35:12.457014",151.8
"2020-03-29 21:35:13.455733",167.75
"2020-03-29 21:35:14.456459",184.77
"2020-03-29 21:35:17.456441",125.05
"2020-03-29 21:35:25.456389",112.58
"2020-03-29 21:35:27.456128",112.36
"2020-03-29 21:35:40.456008",127.08
"2020-03-29 21:35:41.456043",169.68
"2020-03-29 21:35:44.456400",192.26
"2020-03-29 21:35:48.455986",212.47
"2020-03-29 21:35:51.455983",234.43
"2020-03-29 21:35:55.456347",265.59
"2020-03-29 21:35:58.456502",292.43
"2020-03-29 21:36:01.456178",322.71
"2020-03-29 21:36:04.456363",356.67
"2020-03-29 21:36:07.457059",395.13
"2020-03-29 21:36:11.456314",441.19
"2020-03-29 21:36:17.456349",311.76
"2020-03-29 21:36:25.454378",284.46
"2020-03-29 21:36:29.454689",280.08
"2020-03-29 21:36:55.455199",268.25
"2020-03-29 21:37:25.455894",262.04
"2020-03-29 21:37:38.452873",15.7
"2020-03-29 21:37:39.454549",9.89
"2020-03-29 21:37:51.452835",12.94
"2020-03-29 21:37:55.450617",12.81
"2020-03-29 21:38:15.454398",17.02
"2020-03-29 21:38:17.455292",46.4
"2020-03-29 21:38:19.453975",40.88
"2020-03-29 21:38:25.455878",44.72
"2020-03-29 21:38:26.455876",45.65
"2020-03-29 21:38:36.454242",20.8
"2020-03-29 21:38:37.454225",9.29
"2020-03-29 21:38:40.453454",20.62
"2020-03-29 21:38:43.449797",17.76
"2020-03-29 21:38:45.453941",92.24
"2020-03-29 21:38:46.451244",72.72
"2020-03-29 21:38:47.455280",14.84
"2020-03-29 21:38:48.455497",12.17
"2020-03-29 21:38:54.455626",14.84
"2020-03-29 21:38:55.455522",107.95
"2020-03-29 21:38:56.455455",85.98
"2020-03-29 21:39:04.455911",17.38
"2020-03-29 21:39:05.453395",7.11
"2020-03-29 21:39:11.453353",14.23
"2020-03-29 21:39:12.455687",107.26
"2020-03-29 21:39:13.455178",93.23
"2020-03-29 21:39:19.471099",104.54
"2020-03-29 21:39:21.455391",24.09
"2020-03-29 21:39:22.455334",11.81
"2020-03-29 21:39:25.748897",11.76
"2020-03-29 21:39:29.479672",122.53
"2020-03-29 21:39:39.455161",11.87
"2020-03-29 21:39:46.455628",128.08
"2020-03-29 21:39:54.454353",141.01
"2020-03-29 21:39:55.455753",120.97
"2020-03-29 21:39:56.454376",12.17
"2020-03-29 21:40:03.450644",135.61
"2020-03-29 21:40:04.455257",149.54
"2020-03-29 21:40:12.455201",22.12
"2020-03-29 21:40:13.453925",11.93
"2020-03-29 21:40:20.451750",149.99
"2020-03-29 21:40:25.454215",160.3
"2020-03-29 21:40:29.453019",13.08
"2020-03-29 21:40:37.455140",153.17
"2020-03-29 21:40:39.454701",176.42
"2020-03-29 21:40:46.447383",17.76
"2020-03-29 21:40:47.448083",11.93
"2020-03-29 21:40:54.448758",174.7
"2020-03-29 21:40:55.449516",183.13
"2020-03-29 21:41:03.447213",14.4
"2020-03-29 21:41:04.447323",11.87
"2020-03-29 21:41:10.447699",16.67
"2020-03-29 21:41:11.447653",189.08
"2020-03-29 21:41:20.447537",14.48
"2020-03-29 21:41:21.447264",11.87
"2020-03-29 21:41:25.448486",11.87
"2020-03-29 21:41:27.448151",19.31
"2020-03-29 21:41:28.447466",197.58
"2020-03-29 21:41:31.447689",218.16
"2020-03-29 21:41:32.447643",194.5
"2020-03-29 21:41:37.447448",14.66
"2020-03-29 21:41:38.447440",11.87
"2020-03-29 21:41:40.447118",7.35
"2020-03-29 21:41:44.447431",15.02
"2020-03-29 21:41:45.447411",196.93
"2020-03-29 21:41:47.447458",218.38
"2020-03-29 21:41:54.447475",8.95
"2020-03-29 21:41:55.447342",7.42
"2020-03-29 21:42:01.447303",195.56
"2020-03-29 21:42:04.447365",216.86
"2020-03-29 21:42:09.447556",191.88
"2020-03-29 21:42:11.447589",12.29
"2020-03-29 21:42:12.447448",7.14
"2020-03-29 21:42:18.447502",179.19
"2020-03-29 21:42:19.464696",208.8
"2020-03-29 21:42:25.447625",213.94
"2020-03-29 21:42:28.447376",13.6
"2020-03-29 21:42:29.447707",7.03
"2020-03-29 21:42:35.447264",181.98
"2020-03-29 21:42:36.447628",205.02
"2020-03-29 21:42:45.447446",7.53
"2020-03-29 21:42:52.447172",195.17
"2020-03-29 21:42:54.447396",218.38
"2020-03-29 21:42:55.447406",217.95
"2020-03-29 21:43:02.447204",7.51
"2020-03-29 21:43:09.447502",191.3
"2020-03-29 21:43:11.448776",219.28
"2020-03-29 21:43:19.465301",7.56
"2020-03-29 21:43:25.453626",7.7
"2020-03-29 21:43:26.452766",198.37
"2020-03-29 21:43:28.455006",222.57
"2020-03-29 21:43:34.454477",200.2
"2020-03-29 21:43:36.454805",7.61
"2020-03-29 21:43:43.453878",193.91
"2020-03-29 21:43:48.452755",218.81
"2020-03-29 21:43:53.454250",7.53
"2020-03-29 21:43:55.454564",7.85
"2020-03-29 21:44:00.452722",198.56
"2020-03-29 21:44:03.454090",218.81
"2020-03-29 21:44:09.452152",17.76
"2020-03-29 21:44:10.454252",7.56
"2020-03-29 21:44:17.454876",181.98
"2020-03-29 21:44:18.455838",222.35
"2020-03-29 21:44:25.748873",231.09
"2020-03-29 21:44:26.454376",12.61
"2020-03-29 21:44:27.454699",7.58
"2020-03-29 21:44:34.454917",198.18
"2020-03-29 21:44:36.454702",233.64
"2020-03-29 21:44:39.454103",207.43
"2020-03-29 21:44:41.454529",228.55
"2020-03-29 21:44:42.454464",164.67
"2020-03-29 21:44:44.454845",275.01
"2020-03-29 21:44:51.454438",93.78
"2020-03-29 21:44:52.452867",62.16
"2020-03-29 21:44:55.450502",62.46
"2020-03-29 21:45:00.451239",111.5
"2020-03-29 21:45:01.448823",258.34
"2020-03-29 21:45:03.454415",223.0
"2020-03-29 21:45:08.452967",135.2
"2020-03-29 21:45:09.453972",39.9
"2020-03-29 21:45:17.454571",111.61
"2020-03-29 21:45:18.454417",247.49
"2020-03-29 21:45:19.471495",200.4
"2020-03-29 21:45:23.454226",222.79
"2020-03-29 21:45:25.452611",186.47
"2020-03-29 21:45:28.452813",152.71
"2020-03-29 21:45:29.452044",128.99
"2020-03-29 21:45:30.454492",99.38
"2020-03-29 21:45:32.453048",123.5
"2020-03-29 21:45:33.454677",89.15
"2020-03-29 21:45:34.454684",72.64
"2020-03-29 21:45:35.454749",80.8
"2020-03-29 21:45:51.446910",96.28
"2020-03-29 21:45:54.446746",82.33
"2020-03-29 21:45:55.446777",72.72
"2020-03-29 21:46:03.446652",63.27
"2020-03-29 21:46:04.446489",72.21
"2020-03-29 21:46:05.446833",80.33
"2020-03-29 21:46:14.446748",67.2
"2020-03-29 21:46:16.446672",80.57
"2020-03-29 21:46:25.446196",76.42
"2020-03-29 21:46:28.446474",99.18
"2020-03-29 21:46:29.446510",144.43
"2020-03-29 21:46:30.446263",167.09
"2020-03-29 21:46:31.446403",194.98
"2020-03-29 21:46:32.446781",221.68
"2020-03-29 21:46:33.446858",249.68
"2020-03-29 21:46:36.446678",181.07
"2020-03-29 21:46:39.446535",158.41
"2020-03-29 21:46:44.446543",142.31
"2020-03-29 21:46:55.446041",140.59
"2020-03-29 21:46:56.446354",162.73
"2020-03-29 21:47:00.446547",179.55
"2020-03-29 21:47:03.446589",197.79
"2020-03-29 21:47:25.446667",182.59
"2020-03-29 21:47:33.446611",264.75
"2020-03-29 21:47:35.446378",328.24
"2020-03-29 21:47:36.446286",397.58
"2020-03-29 21:47:37.446424",463.45
"2020-03-29 21:47:46.454134",249.19
"2020-03-29 21:47:47.453607",39.97
"2020-03-29 21:47:51.452537",16.22
"2020-03-29 21:47:52.453475",9.81
"2020-03-29 21:47:53.454045",106.84
"2020-03-29 21:47:54.452618",60.12
"2020-03-29 21:47:55.452530",96.19
"2020-03-29 21:47:56.454047",76.8
"2020-03-29 21:47:58.453016",90.4
"2020-03-29 21:47:59.450804",64.36
"2020-03-29 21:48:01.453196",7.93
"2020-03-29 21:48:10.454299",95.72
"2020-03-29 21:48:17.453235",20.28
"2020-03-29 21:48:18.451889",8.31
"2020-03-29 21:48:25.453060",8.22
"2020-03-29 21:48:27.453515",95.72
"2020-03-29 21:48:34.456055",16.33
"2020-03-29 21:48:35.457895",8.25
"2020-03-29 21:48:44.452849",95.81
"2020-03-29 21:48:51.448763",11.21
"2020-03-29 21:48:52.451895",8.09
"2020-03-29 21:48:55.453045",8.09
"2020-03-29 21:49:01.454035",100.8
"2020-03-29 21:49:02.453917",88.19
"2020-03-29 21:49:08.452976",12.54
"2020-03-29 21:49:09.452225",8.11
"2020-03-29 21:49:18.452029",100.01
"2020-03-29 21:49:20.452687",89.95
"2020-03-29 21:49:22.453686",113.7
"2020-03-29 21:49:23.450854",66.94
"2020-03-29 21:49:24.452758",42.41
"2020-03-29 21:49:25.746666",42.82
"2020-03-29 21:49:30.453287",136.94
"2020-03-29 21:49:38.450480",115.43
"2020-03-29 21:49:40.452559",96.67
"2020-03-29 21:49:45.448490",85.47
"2020-03-29 21:49:46.453623",70.36
"2020-03-29 21:49:55.451199",74.25
"2020-03-29 21:50:21.453412",61.37
"2020-03-29 21:50:22.450835",71.51
"2020-03-29 21:50:23.450307",81.6
"2020-03-29 21:50:25.452044",86.23
"2020-03-29 21:50:27.453623",67.13
"2020-03-29 21:50:29.450526",76.05
"2020-03-29 21:50:38.452103",105.4
"2020-03-29 21:50:39.453416",138.58
"2020-03-29 21:50:42.453506",161.44
"2020-03-29 21:50:44.453491",191.3
"2020-03-29 21:50:45.453555",132.4
"2020-03-29 21:50:46.453269",110.4
"2020-03-29 21:50:55.453485",106.55
"2020-03-29 21:51:05.453362",127.96
"2020-03-29 21:51:06.448665",200.99
"2020-03-29 21:51:07.448050",237.56
"2020-03-29 21:51:09.452469",275.51
"2020-03-29 21:51:11.452362",321.78
"2020-03-29 21:51:14.452436",369.57
"2020-03-29 21:51:16.451454",410.53
"2020-03-29 21:51:18.455544",179.19
"2020-03-29 21:51:19.470438",204.43
"2020-03-29 21:51:25.452694",207.65
"2020-03-29 21:51:38.451567",241.91
"2020-03-29 21:51:39.452231",301.79
"2020-03-29 21:51:40.451405",337.62
"2020-03-29 21:51:49.451200",375.38
"2020-03-29 21:51:54.451153",414.94
"2020-03-29 21:51:55.451528",423.09
"2020-03-29 21:51:59.448783",295.16
"2020-03-29 21:52:25.450962",309.07
"2020-03-29 21:52:55.451897",307.86
"2020-03-29 21:53:25.452519",304.81
"2020-03-29 21:53:55.451650",301.19
"2020-03-29 21:54:25.744237",299.7
"2020-03-29 21:54:41.451579",360.21
"2020-03-29 21:54:52.452701",400.79
"2020-03-29 21:54:55.452607",413.74
"2020-03-29 21:55:01.449840",442.47
"2020-03-29 21:55:10.451797",396.74
"2020-03-29 21:55:25.452450",400.0
"2020-03-29 21:55:29.450324",12.48
"2020-03-29 21:55:30.452789",396.74
"2020-03-29 21:55:49.451947",8.54
"2020-03-29 21:55:55.451421",10.23
"2020-03-29 21:55:56.449894",15.4
"2020-03-29 21:55:57.451851",17.89
"2020-03-29 21:55:58.451477",15.4
"2020-03-29 21:55:59.449347",22.96
"2020-03-29 21:56:00.451500",15.4
"2020-03-29 21:56:01.451284",72.06
"2020-03-29 21:56:02.452234",19.31
"2020-03-29 21:56:04.451927",8.14
"2020-03-29 21:56:13.451481",77.26
"2020-03-29 21:56:14.449916",57.77
"2020-03-29 21:56:20.451584",12.88
"2020-03-29 21:56:21.450324",7.9
"2020-03-29 21:56:25.451944",7.95
"2020-03-29 21:56:30.451975",74.33
"2020-03-29 21:56:31.451589",58.78
"2020-03-29 21:56:37.450786",7.82
"2020-03-29 21:56:46.451945",10.82
"2020-03-29 21:56:47.450721",74.7
"2020-03-29 21:56:48.451113",58.0
"2020-03-29 21:56:54.451947",11.37
"2020-03-29 21:56:55.451974",7.53
"2020-03-29 21:57:03.451504",72.82
"2020-03-29 21:57:05.450903",58.41
"2020-03-29 21:57:11.451948",7.63
"2020-03-29 21:57:19.452013",17.63
"2020-03-29 21:57:20.450728",74.47
"2020-03-29 21:57:22.451126",57.43
"2020-03-29 21:57:24.450658",63.61
"2020-03-29 21:57:25.450950",56.6
"2020-03-29 21:57:28.451911",7.63
"2020-03-29 21:57:37.449690",75.29
"2020-03-29 21:57:38.451583",58.9
"2020-03-29 21:57:45.450465",7.51
"2020-03-29 21:57:54.451877",73.53
"2020-03-29 21:57:55.448181",12.42
"2020-03-29 21:57:56.450816",9.36
"2020-03-29 21:58:04.451175",20.11
"2020-03-29 21:58:06.451661",2.08
"2020-03-29 21:58:22.443810",0.0
"2020-03-29 21:58:25.443754",0.0
"2020-03-29 21:58:55.443576",0.0
"2020-03-29 21:59:25.742598",0.0
"2020-03-29 21:59:55.443393",0.0
"2020-03-29 22:00:25.449928",0.0
"2020-03-29 22:00:55.450550",0.0
"2020-03-29 22:01:25.449875",0.0
"2020-03-29 22:01:55.450194",0.0
"2020-03-29 22:02:25.449852",0.0
"2020-03-29 22:02:55.442851",0.0
"2020-03-29 22:03:25.442505",0.0
"2020-03-29 22:03:27.443495",0.69
"2020-03-29 22:03:29.442513",0.0
"2020-03-29 22:03:55.442526",0.0
"2020-03-29 22:04:25.744056",0.0
"2020-03-29 22:04:55.447117",0.0
"2020-03-29 22:05:25.448496",0.0
"2020-03-29 22:05:55.449153",0.0
"2020-03-29 22:06:25.447468",0.0
"2020-03-29 22:06:28.449919",0.69
"2020-03-29 22:06:30.449570",0.0
"2020-03-29 22:06:55.444822",0.0
"2020-03-29 22:07:25.447999",0.0
"2020-03-29 22:07:55.449089",0.0
"2020-03-29 22:08:25.448469",0.0
"2020-03-29 22:08:55.447701",0.69
"2020-03-29 22:08:56.449274",0.0
"2020-03-29 22:09:25.743093",0.0
"2020-03-29 22:09:55.447970",0.0
"2020-03-29 22:10:25.448623",0.0
"2020-03-29 22:10:55.442555",0.0
"2020-03-29 22:11:25.447402",0.0
"2020-03-29 22:11:55.447390",0.0
"2020-03-29 22:12:25.446232",0.0
"2020-03-29 22:12:55.447494",0.0
"2020-03-29 22:13:25.445385",0.0
"2020-03-29 22:13:40.448221",0.69
"2020-03-29 22:13:42.446678",0.0
"2020-03-29 22:13:55.447679",0.0
"2020-03-29 22:14:25.742383",0.0
"2020-03-29 22:14:55.445655",0.0
"2020-03-29 22:15:25.439632",0.0
"2020-03-29 22:15:55.440324",0.0
"2020-03-29 22:16:10.439612",0.69
"2020-03-29 22:16:12.439886",0.0
"2020-03-29 22:16:25.437866",0.0
"2020-03-29 22:16:55.438931",0.0
"2020-03-29 22:17:25.446395",0.0
"2020-03-29 22:17:55.444020",0.0
"2020-03-29 22:18:00.447036",0.69
"2020-03-29 22:18:02.446006",0.0
"2020-03-29 22:18:11.446832",0.68
"2020-03-29 22:18:13.447438",0.0
"2020-03-29 22:18:25.446266",0.0
"2020-03-29 22:18:34.445883",0.69
"2020-03-29 22:18:36.446601",0.0
"2020-03-29 22:18:55.445946",0.0
"2020-03-29 22:19:25.737320",0.0
"2020-03-29 22:19:45.439219",0.68
"2020-03-29 22:19:49.438601",0.0
"2020-03-29 22:19:55.438821",0.0
"2020-03-29 22:20:00.438749",0.68
"2020-03-29 22:20:02.438632",0.0
"2020-03-29 22:20:25.438209",0.0
"2020-03-29 22:20:34.439302",0.68
"2020-03-29 22:20:40.438676",0.0
"2020-03-29 22:20:55.445512",0.0
"2020-03-29 22:21:25.443848",0.0
"2020-03-29 22:21:55.445883",0.0
"2020-03-29 22:22:25.445971",0.0
"2020-03-29 22:22:55.445193",0.0
"2020-03-29 22:23:25.445725",0.0
"2020-03-29 22:23:55.443760",0.0
"2020-03-29 22:24:25.739540",0.0
"2020-03-29 22:24:55.443367",0.0
"2020-03-29 22:25:25.443504",0.0
"2020-03-29 22:25:55.444462",0.0
"2020-03-29 22:26:25.444395",0.0
"2020-03-29 22:26:55.444207",0.0
"2020-03-29 22:27:25.444131",0.0
"2020-03-29 22:27:55.444895",0.0
"2020-03-29 22:28:25.443977",0.0
"2020-03-29 22:28:55.444527",0.0
"2020-03-29 22:29:13.444824",0.68
"2020-03-29 22:29:15.444740",0.0
"2020-03-29 22:29:25.738338",0.0
"2020-03-29 22:29:55.443711",0.0
